YEAR,GEO,DGUID,Family characteristics,UOM,UOM_ID,SCALAR_FACTOR,SCALAR_ID,VECTOR,COORDINATE,VALUE,STATUS,SYMBOL,TERMINATED,DECIMALS
2000,"Toronto, Ontario",2016S0503535,Total tax filers,Number,223,units,0,v21188029,19.1,3421850,,,,0
2001,"Toronto, Ontario",2016S0503535,Total tax filers,Number,223,units,0,v21188029,19.1,3565770,,,,0
2002,"Toronto, Ontario",2016S0503535,Total tax filers,Number,223,units,0,v21188029,19.1,3628290,,,,0
2003,"Toronto, Ontario",2016S0503535,Total tax filers,Number,223,units,0,v21188029,19.1,3671930,,,,0
2004,"Toronto, Ontario",2016S0503535,Total tax filers,Number,223,units,0,v21188029,19.1,3754540,,,,0
2005,"Toronto, Ontario",2016S0503535,Total tax filers,Number,223,units,0,v21188029,19.1,3827610,,,,0
2006,"Toronto, Ontario",2016S0503535,Total tax filers,Number,223,units,0,v21188029,19.1,3902950,,,,0
2007,"Toronto, Ontario",2016S0503535,Total tax filers,Number,223,units,0,v21188029,19.1,3976840,,,,0
2008,"Toronto, Ontario",2016S0503535,Total tax filers,Number,223,units,0,v21188029,19.1,4060350,,,,0
2009,"Toronto, Ontario",2016S0503535,Total tax filers,Number,223,units,0,v21188029,19.1,4133390,,,,0
2010,"Toronto, Ontario",2016S0503535,Total tax filers,Number,223,units,0,v21188029,19.1,4187280,,,,0
2011,"Toronto, Ontario",2016S0503535,Total tax filers,Number,223,units,0,v21188029,19.1,4262210,,,,0
2012,"Toronto, Ontario",2016S0503535,Total tax filers,Number,223,units,0,v21188029,19.1,4325960,,,,0
2013,"Toronto, Ontario",2016S0503535,Total tax filers,Number,223,units,0,v21188029,19.1,4401660,,,,0
2014,"Toronto, Ontario",2016S0503535,Total tax filers,Number,223,units,0,v21188029,19.1,4479610,,,,0
2015,"Toronto, Ontario",2016S0503535,Total tax filers,Number,223,units,0,v21188029,19.1,4543360,,,,0
2016,"Toronto, Ontario",2016S0503535,Total tax filers,Number,223,units,0,v21188029,19.1,4609100,,,,0
2017,"Toronto, Ontario",2016S0503535,Total tax filers,Number,223,units,0,v21188029,19.1,4696870,,,,0
2018,"Toronto, Ontario",2016S0503535,Total tax filers,Number,223,units,0,v21188029,19.1,4847240,,,,0
2000,"Toronto, Ontario",2016S0503535,"Total tax filers and dependants, all age groups",Number,223,units,0,v21188030,19.2,4601930,,,,0
2001,"Toronto, Ontario",2016S0503535,"Total tax filers and dependants, all age groups",Number,223,units,0,v21188030,19.2,4744390,,,,0
2002,"Toronto, Ontario",2016S0503535,"Total tax filers and dependants, all age groups",Number,223,units,0,v21188030,19.2,4860570,,,,0
2003,"Toronto, Ontario",2016S0503535,"Total tax filers and dependants, all age groups",Number,223,units,0,v21188030,19.2,4908270,,,,0
2004,"Toronto, Ontario",2016S0503535,"Total tax filers and dependants, all age groups",Number,223,units,0,v21188030,19.2,5008310,,,,0
2005,"Toronto, Ontario",2016S0503535,"Total tax filers and dependants, all age groups",Number,223,units,0,v21188030,19.2,5062800,,,,0
2006,"Toronto, Ontario",2016S0503535,"Total tax filers and dependants, all age groups",Number,223,units,0,v21188030,19.2,5189590,,,,0
2007,"Toronto, Ontario",2016S0503535,"Total tax filers and dependants, all age groups",Number,223,units,0,v21188030,19.2,5267390,,,,0
2008,"Toronto, Ontario",2016S0503535,"Total tax filers and dependants, all age groups",Number,223,units,0,v21188030,19.2,5352760,,,,0
2009,"Toronto, Ontario",2016S0503535,"Total tax filers and dependants, all age groups",Number,223,units,0,v21188030,19.2,5435680,,,,0
2010,"Toronto, Ontario",2016S0503535,"Total tax filers and dependants, all age groups",Number,223,units,0,v21188030,19.2,5506330,,,,0
2011,"Toronto, Ontario",2016S0503535,"Total tax filers and dependants, all age groups",Number,223,units,0,v21188030,19.2,5584560,,,,0
2012,"Toronto, Ontario",2016S0503535,"Total tax filers and dependants, all age groups",Number,223,units,0,v21188030,19.2,5654750,,,,0
2013,"Toronto, Ontario",2016S0503535,"Total tax filers and dependants, all age groups",Number,223,units,0,v21188030,19.2,5726400,,,,0
2014,"Toronto, Ontario",2016S0503535,"Total tax filers and dependants, all age groups",Number,223,units,0,v21188030,19.2,5801820,,,,0
2015,"Toronto, Ontario",2016S0503535,"Total tax filers and dependants, all age groups",Number,223,units,0,v21188030,19.2,5867280,,,,0
2016,"Toronto, Ontario",2016S0503535,"Total tax filers and dependants, all age groups",Number,223,units,0,v21188030,19.2,5929700,,,,0
2017,"Toronto, Ontario",2016S0503535,"Total tax filers and dependants, all age groups",Number,223,units,0,v21188030,19.2,6016620,,,,0
2018,"Toronto, Ontario",2016S0503535,"Total tax filers and dependants, all age groups",Number,223,units,0,v21188030,19.2,6179080,,,,0
2000,"Toronto, Ontario",2016S0503535,Total families,Number,223,units,0,v21188034,19.6,1299290,,,,0
2001,"Toronto, Ontario",2016S0503535,Total families,Number,223,units,0,v21188034,19.6,1344850,,,,0
2002,"Toronto, Ontario",2016S0503535,Total families,Number,223,units,0,v21188034,19.6,1378710,,,,0
2003,"Toronto, Ontario",2016S0503535,Total families,Number,223,units,0,v21188034,19.6,1397100,,,,0
2004,"Toronto, Ontario",2016S0503535,Total families,Number,223,units,0,v21188034,19.6,1428980,,,,0
2005,"Toronto, Ontario",2016S0503535,Total families,Number,223,units,0,v21188034,19.6,1449100,,,,0
2006,"Toronto, Ontario",2016S0503535,Total families,Number,223,units,0,v21188034,19.6,1472730,,,,0
2007,"Toronto, Ontario",2016S0503535,Total families,Number,223,units,0,v21188034,19.6,1494090,,,,0
2008,"Toronto, Ontario",2016S0503535,Total families,Number,223,units,0,v21188034,19.6,1517790,,,,0
2009,"Toronto, Ontario",2016S0503535,Total families,Number,223,units,0,v21188034,19.6,1542210,,,,0
2010,"Toronto, Ontario",2016S0503535,Total families,Number,223,units,0,v21188034,19.6,1560890,,,,0
2011,"Toronto, Ontario",2016S0503535,Total families,Number,223,units,0,v21188034,19.6,1581920,,,,0
2012,"Toronto, Ontario",2016S0503535,Total families,Number,223,units,0,v21188034,19.6,1601020,,,,0
2013,"Toronto, Ontario",2016S0503535,Total families,Number,223,units,0,v21188034,19.6,1619090,,,,0
2014,"Toronto, Ontario",2016S0503535,Total families,Number,223,units,0,v21188034,19.6,1639040,,,,0
2015,"Toronto, Ontario",2016S0503535,Total families,Number,223,units,0,v21188034,19.6,1655210,,,,0
2016,"Toronto, Ontario",2016S0503535,Total families,Number,223,units,0,v21188034,19.6,1670460,,,,0
2017,"Toronto, Ontario",2016S0503535,Total families,Number,223,units,0,v21188034,19.6,1692790,,,,0
2018,"Toronto, Ontario",2016S0503535,Total families,Number,223,units,0,v21188034,19.6,1736890,,,,0
2000,"Toronto, Ontario",2016S0503535,Couple families,Number,223,units,0,v21188035,19.7,1097590,,,,0
2001,"Toronto, Ontario",2016S0503535,Couple families,Number,223,units,0,v21188035,19.7,1129170,,,,0
2002,"Toronto, Ontario",2016S0503535,Couple families,Number,223,units,0,v21188035,19.7,1162940,,,,0
2003,"Toronto, Ontario",2016S0503535,Couple families,Number,223,units,0,v21188035,19.7,1169690,,,,0
2004,"Toronto, Ontario",2016S0503535,Couple families,Number,223,units,0,v21188035,19.7,1198880,,,,0
2005,"Toronto, Ontario",2016S0503535,Couple families,Number,223,units,0,v21188035,19.7,1204870,,,,0
2006,"Toronto, Ontario",2016S0503535,Couple families,Number,223,units,0,v21188035,19.7,1244430,,,,0
2007,"Toronto, Ontario",2016S0503535,Couple families,Number,223,units,0,v21188035,19.7,1265760,,,,0
2008,"Toronto, Ontario",2016S0503535,Couple families,Number,223,units,0,v21188035,19.7,1287680,,,,0
2009,"Toronto, Ontario",2016S0503535,Couple families,Number,223,units,0,v21188035,19.7,1309490,,,,0
2010,"Toronto, Ontario",2016S0503535,Couple families,Number,223,units,0,v21188035,19.7,1325490,,,,0
2011,"Toronto, Ontario",2016S0503535,Couple families,Number,223,units,0,v21188035,19.7,1345230,,,,0
2012,"Toronto, Ontario",2016S0503535,Couple families,Number,223,units,0,v21188035,19.7,1362740,,,,0
2013,"Toronto, Ontario",2016S0503535,Couple families,Number,223,units,0,v21188035,19.7,1379950,,,,0
2014,"Toronto, Ontario",2016S0503535,Couple families,Number,223,units,0,v21188035,19.7,1400550,,,,0
2015,"Toronto, Ontario",2016S0503535,Couple families,Number,223,units,0,v21188035,19.7,1414960,,,,0
2016,"Toronto, Ontario",2016S0503535,Couple families,Number,223,units,0,v21188035,19.7,1431290,,,,0
2017,"Toronto, Ontario",2016S0503535,Couple families,Number,223,units,0,v21188035,19.7,1441700,,,,0
2018,"Toronto, Ontario",2016S0503535,Couple families,Number,223,units,0,v21188035,19.7,1485110,,,,0
2000,"Toronto, Ontario",2016S0503535,Lone-parent families,Number,223,units,0,v21188036,19.8,201700,,,,0
2001,"Toronto, Ontario",2016S0503535,Lone-parent families,Number,223,units,0,v21188036,19.8,215680,,,,0
2002,"Toronto, Ontario",2016S0503535,Lone-parent families,Number,223,units,0,v21188036,19.8,215770,,,,0
2003,"Toronto, Ontario",2016S0503535,Lone-parent families,Number,223,units,0,v21188036,19.8,227410,,,,0
2004,"Toronto, Ontario",2016S0503535,Lone-parent families,Number,223,units,0,v21188036,19.8,230090,,,,0
2005,"Toronto, Ontario",2016S0503535,Lone-parent families,Number,223,units,0,v21188036,19.8,244230,,,,0
2006,"Toronto, Ontario",2016S0503535,Lone-parent families,Number,223,units,0,v21188036,19.8,228300,,,,0
2007,"Toronto, Ontario",2016S0503535,Lone-parent families,Number,223,units,0,v21188036,19.8,228330,,,,0
2008,"Toronto, Ontario",2016S0503535,Lone-parent families,Number,223,units,0,v21188036,19.8,230120,,,,0
2009,"Toronto, Ontario",2016S0503535,Lone-parent families,Number,223,units,0,v21188036,19.8,232720,,,,0
2010,"Toronto, Ontario",2016S0503535,Lone-parent families,Number,223,units,0,v21188036,19.8,235400,,,,0
2011,"Toronto, Ontario",2016S0503535,Lone-parent families,Number,223,units,0,v21188036,19.8,236680,,,,0
2012,"Toronto, Ontario",2016S0503535,Lone-parent families,Number,223,units,0,v21188036,19.8,238270,,,,0
2013,"Toronto, Ontario",2016S0503535,Lone-parent families,Number,223,units,0,v21188036,19.8,239150,,,,0
2014,"Toronto, Ontario",2016S0503535,Lone-parent families,Number,223,units,0,v21188036,19.8,238480,,,,0
2015,"Toronto, Ontario",2016S0503535,Lone-parent families,Number,223,units,0,v21188036,19.8,240250,,,,0
2016,"Toronto, Ontario",2016S0503535,Lone-parent families,Number,223,units,0,v21188036,19.8,239170,,,,0
2017,"Toronto, Ontario",2016S0503535,Lone-parent families,Number,223,units,0,v21188036,19.8,251080,,,,0
2018,"Toronto, Ontario",2016S0503535,Lone-parent families,Number,223,units,0,v21188036,19.8,251780,,,,0
2000,"Toronto, Ontario",2016S0503535,"Median total income, all families",Dollars,81,units,0,v21188037,19.9,55300,,,,0
2001,"Toronto, Ontario",2016S0503535,"Median total income, all families",Dollars,81,units,0,v21188037,19.9,57900,,,,0
2002,"Toronto, Ontario",2016S0503535,"Median total income, all families",Dollars,81,units,0,v21188037,19.9,58200,,,,0
2003,"Toronto, Ontario",2016S0503535,"Median total income, all families",Dollars,81,units,0,v21188037,19.9,58500,,,,0
2004,"Toronto, Ontario",2016S0503535,"Median total income, all families",Dollars,81,units,0,v21188037,19.9,60100,,,,0
2005,"Toronto, Ontario",2016S0503535,"Median total income, all families",Dollars,81,units,0,v21188037,19.9,61800,,,,0
2006,"Toronto, Ontario",2016S0503535,"Median total income, all families",Dollars,81,units,0,v21188037,19.9,63800,,,,0
2007,"Toronto, Ontario",2016S0503535,"Median total income, all families",Dollars,81,units,0,v21188037,19.9,66560,,,,0
2008,"Toronto, Ontario",2016S0503535,"Median total income, all families",Dollars,81,units,0,v21188037,19.9,68120,,,,0
2009,"Toronto, Ontario",2016S0503535,"Median total income, all families",Dollars,81,units,0,v21188037,19.9,66790,,,,0
2010,"Toronto, Ontario",2016S0503535,"Median total income, all families",Dollars,81,units,0,v21188037,19.9,68110,,,,0
2011,"Toronto, Ontario",2016S0503535,"Median total income, all families",Dollars,81,units,0,v21188037,19.9,69740,,,,0
2012,"Toronto, Ontario",2016S0503535,"Median total income, all families",Dollars,81,units,0,v21188037,19.9,71210,,,,0
2013,"Toronto, Ontario",2016S0503535,"Median total income, all families",Dollars,81,units,0,v21188037,19.9,72830,,,,0
2014,"Toronto, Ontario",2016S0503535,"Median total income, all families",Dollars,81,units,0,v21188037,19.9,75270,,,,0
2015,"Toronto, Ontario",2016S0503535,"Median total income, all families",Dollars,81,units,0,v21188037,19.9,78280,,,,0
2016,"Toronto, Ontario",2016S0503535,"Median total income, all families",Dollars,81,units,0,v21188037,19.9,80310,,,,0
2017,"Toronto, Ontario",2016S0503535,"Median total income, all families",Dollars,81,units,0,v21188037,19.9,83020,,,,0
2018,"Toronto, Ontario",2016S0503535,"Median total income, all families",Dollars,81,units,0,v21188037,19.9,86670,,,,0
2000,"Toronto, Ontario",2016S0503535,"Median total income, couple families",Dollars,81,units,0,v21188039,19.11,61700,,,,0
2001,"Toronto, Ontario",2016S0503535,"Median total income, couple families",Dollars,81,units,0,v21188039,19.11,64700,,,,0
2002,"Toronto, Ontario",2016S0503535,"Median total income, couple families",Dollars,81,units,0,v21188039,19.11,64800,,,,0
2003,"Toronto, Ontario",2016S0503535,"Median total income, couple families",Dollars,81,units,0,v21188039,19.11,65700,,,,0
2004,"Toronto, Ontario",2016S0503535,"Median total income, couple families",Dollars,81,units,0,v21188039,19.11,67500,,,,0
2005,"Toronto, Ontario",2016S0503535,"Median total income, couple families",Dollars,81,units,0,v21188039,19.11,69900,,,,0
2006,"Toronto, Ontario",2016S0503535,"Median total income, couple families",Dollars,81,units,0,v21188039,19.11,71200,,,,0
2007,"Toronto, Ontario",2016S0503535,"Median total income, couple families",Dollars,81,units,0,v21188039,19.11,73970,,,,0
2008,"Toronto, Ontario",2016S0503535,"Median total income, couple families",Dollars,81,units,0,v21188039,19.11,75630,,,,0
2009,"Toronto, Ontario",2016S0503535,"Median total income, couple families",Dollars,81,units,0,v21188039,19.11,74110,,,,0
2010,"Toronto, Ontario",2016S0503535,"Median total income, couple families",Dollars,81,units,0,v21188039,19.11,75580,,,,0
2011,"Toronto, Ontario",2016S0503535,"Median total income, couple families",Dollars,81,units,0,v21188039,19.11,77350,,,,0
2012,"Toronto, Ontario",2016S0503535,"Median total income, couple families",Dollars,81,units,0,v21188039,19.11,78990,,,,0
2013,"Toronto, Ontario",2016S0503535,"Median total income, couple families",Dollars,81,units,0,v21188039,19.11,80680,,,,0
2014,"Toronto, Ontario",2016S0503535,"Median total income, couple families",Dollars,81,units,0,v21188039,19.11,83010,,,,0
2015,"Toronto, Ontario",2016S0503535,"Median total income, couple families",Dollars,81,units,0,v21188039,19.11,86260,,,,0
2016,"Toronto, Ontario",2016S0503535,"Median total income, couple families",Dollars,81,units,0,v21188039,19.11,88170,,,,0
2017,"Toronto, Ontario",2016S0503535,"Median total income, couple families",Dollars,81,units,0,v21188039,19.11,91700,,,,0
2018,"Toronto, Ontario",2016S0503535,"Median total income, couple families",Dollars,81,units,0,v21188039,19.11,95140,,,,0
2000,"Toronto, Ontario",2016S0503535,"Median total income, lone-parent families",Dollars,81,units,0,v21188041,19.13,29400,,,,0
2001,"Toronto, Ontario",2016S0503535,"Median total income, lone-parent families",Dollars,81,units,0,v21188041,19.13,31900,,,,0
2002,"Toronto, Ontario",2016S0503535,"Median total income, lone-parent families",Dollars,81,units,0,v21188041,19.13,32600,,,,0
2003,"Toronto, Ontario",2016S0503535,"Median total income, lone-parent families",Dollars,81,units,0,v21188041,19.13,32300,,,,0
2004,"Toronto, Ontario",2016S0503535,"Median total income, lone-parent families",Dollars,81,units,0,v21188041,19.13,33100,,,,0
2005,"Toronto, Ontario",2016S0503535,"Median total income, lone-parent families",Dollars,81,units,0,v21188041,19.13,31600,,,,0
2006,"Toronto, Ontario",2016S0503535,"Median total income, lone-parent families",Dollars,81,units,0,v21188041,19.13,35600,,,,0
2007,"Toronto, Ontario",2016S0503535,"Median total income, lone-parent families",Dollars,81,units,0,v21188041,19.13,37090,,,,0
2008,"Toronto, Ontario",2016S0503535,"Median total income, lone-parent families",Dollars,81,units,0,v21188041,19.13,38380,,,,0
2009,"Toronto, Ontario",2016S0503535,"Median total income, lone-parent families",Dollars,81,units,0,v21188041,19.13,38250,,,,0
2010,"Toronto, Ontario",2016S0503535,"Median total income, lone-parent families",Dollars,81,units,0,v21188041,19.13,39340,,,,0
2011,"Toronto, Ontario",2016S0503535,"Median total income, lone-parent families",Dollars,81,units,0,v21188041,19.13,39590,,,,0
2012,"Toronto, Ontario",2016S0503535,"Median total income, lone-parent families",Dollars,81,units,0,v21188041,19.13,40280,,,,0
2013,"Toronto, Ontario",2016S0503535,"Median total income, lone-parent families",Dollars,81,units,0,v21188041,19.13,41150,,,,0
2014,"Toronto, Ontario",2016S0503535,"Median total income, lone-parent families",Dollars,81,units,0,v21188041,19.13,43380,,,,0
2015,"Toronto, Ontario",2016S0503535,"Median total income, lone-parent families",Dollars,81,units,0,v21188041,19.13,45440,,,,0
2016,"Toronto, Ontario",2016S0503535,"Median total income, lone-parent families",Dollars,81,units,0,v21188041,19.13,47480,,,,0
2017,"Toronto, Ontario",2016S0503535,"Median total income, lone-parent families",Dollars,81,units,0,v21188041,19.13,47240,,,,0
2018,"Toronto, Ontario",2016S0503535,"Median total income, lone-parent families",Dollars,81,units,0,v21188041,19.13,50280,,,,0
2000,"Toronto, Ontario",2016S0503535,Persons not in census families,Number,223,units,0,v21188046,19.18,696510,,,,0
2001,"Toronto, Ontario",2016S0503535,Persons not in census families,Number,223,units,0,v21188046,19.18,698110,,,,0
2002,"Toronto, Ontario",2016S0503535,Persons not in census families,Number,223,units,0,v21188046,19.18,685930,,,,0
2003,"Toronto, Ontario",2016S0503535,Persons not in census families,Number,223,units,0,v21188046,19.18,700320,,,,0
2004,"Toronto, Ontario",2016S0503535,Persons not in census families,Number,223,units,0,v21188046,19.18,706300,,,,0
2005,"Toronto, Ontario",2016S0503535,Persons not in census families,Number,223,units,0,v21188046,19.18,730860,,,,0
2006,"Toronto, Ontario",2016S0503535,Persons not in census families,Number,223,units,0,v21188046,19.18,748960,,,,0
2007,"Toronto, Ontario",2016S0503535,Persons not in census families,Number,223,units,0,v21188046,19.18,763070,,,,0
2008,"Toronto, Ontario",2016S0503535,Persons not in census families,Number,223,units,0,v21188046,19.18,784910,,,,0
2009,"Toronto, Ontario",2016S0503535,Persons not in census families,Number,223,units,0,v21188046,19.18,799730,,,,0
2010,"Toronto, Ontario",2016S0503535,Persons not in census families,Number,223,units,0,v21188046,19.18,817860,,,,0
2011,"Toronto, Ontario",2016S0503535,Persons not in census families,Number,223,units,0,v21188046,19.18,836970,,,,0
2012,"Toronto, Ontario",2016S0503535,Persons not in census families,Number,223,units,0,v21188046,19.18,853160,,,,0
2013,"Toronto, Ontario",2016S0503535,Persons not in census families,Number,223,units,0,v21188046,19.18,877140,,,,0
2014,"Toronto, Ontario",2016S0503535,Persons not in census families,Number,223,units,0,v21188046,19.18,900210,,,,0
2015,"Toronto, Ontario",2016S0503535,Persons not in census families,Number,223,units,0,v21188046,19.18,921610,,,,0
2016,"Toronto, Ontario",2016S0503535,Persons not in census families,Number,223,units,0,v21188046,19.18,945850,,,,0
2017,"Toronto, Ontario",2016S0503535,Persons not in census families,Number,223,units,0,v21188046,19.18,983500,,,,0
2018,"Toronto, Ontario",2016S0503535,Persons not in census families,Number,223,units,0,v21188046,19.18,1029080,,,,0
2007,"Toronto, Ontario",2016S0503535,Median total income of persons not in census families with income,Dollars,81,units,0,v52318591,19.44,23740,,,,0
2008,"Toronto, Ontario",2016S0503535,Median total income of persons not in census families with income,Dollars,81,units,0,v52318591,19.44,24030,,,,0
2009,"Toronto, Ontario",2016S0503535,Median total income of persons not in census families with income,Dollars,81,units,0,v52318591,19.44,23580,,,,0
2010,"Toronto, Ontario",2016S0503535,Median total income of persons not in census families with income,Dollars,81,units,0,v52318591,19.44,23230,,,,0
2011,"Toronto, Ontario",2016S0503535,Median total income of persons not in census families with income,Dollars,81,units,0,v52318591,19.44,24510,,,,0
2012,"Toronto, Ontario",2016S0503535,Median total income of persons not in census families with income,Dollars,81,units,0,v52318591,19.44,24900,,,,0
2013,"Toronto, Ontario",2016S0503535,Median total income of persons not in census families with income,Dollars,81,units,0,v52318591,19.44,25210,,,,0
2014,"Toronto, Ontario",2016S0503535,Median total income of persons not in census families with income,Dollars,81,units,0,v52318591,19.44,25660,,,,0
2015,"Toronto, Ontario",2016S0503535,Median total income of persons not in census families with income,Dollars,81,units,0,v52318591,19.44,26540,,,,0
2016,"Toronto, Ontario",2016S0503535,Median total income of persons not in census families with income,Dollars,81,units,0,v52318591,19.44,26830,,,,0
2017,"Toronto, Ontario",2016S0503535,Median total income of persons not in census families with income,Dollars,81,units,0,v52318591,19.44,27430,,,,0
2018,"Toronto, Ontario",2016S0503535,Median total income of persons not in census families with income,Dollars,81,units,0,v52318591,19.44,28820,,,,0
2000,"Toronto, Ontario",2016S0503535,Families with employment income,Number,223,units,0,v21188049,19.21,1083890,,,,0
2001,"Toronto, Ontario",2016S0503535,Families with employment income,Number,223,units,0,v21188049,19.21,1151720,,,,0
2002,"Toronto, Ontario",2016S0503535,Families with employment income,Number,223,units,0,v21188049,19.21,1179790,,,,0
2003,"Toronto, Ontario",2016S0503535,Families with employment income,Number,223,units,0,v21188049,19.21,1190990,,,,0
2004,"Toronto, Ontario",2016S0503535,Families with employment income,Number,223,units,0,v21188049,19.21,1219820,,,,0
2005,"Toronto, Ontario",2016S0503535,Families with employment income,Number,223,units,0,v21188049,19.21,1239450,,,,0
2006,"Toronto, Ontario",2016S0503535,Families with employment income,Number,223,units,0,v21188049,19.21,1258610,,,,0
2007,"Toronto, Ontario",2016S0503535,Families with employment income,Number,223,units,0,v21188049,19.21,1283840,,,,0
2008,"Toronto, Ontario",2016S0503535,Families with employment income,Number,223,units,0,v21188049,19.21,1307400,,,,0
2009,"Toronto, Ontario",2016S0503535,Families with employment income,Number,223,units,0,v21188049,19.21,1321970,,,,0
2010,"Toronto, Ontario",2016S0503535,Families with employment income,Number,223,units,0,v21188049,19.21,1335080,,,,0
2011,"Toronto, Ontario",2016S0503535,Families with employment income,Number,223,units,0,v21188049,19.21,1355700,,,,0
2012,"Toronto, Ontario",2016S0503535,Families with employment income,Number,223,units,0,v21188049,19.21,1368940,,,,0
2013,"Toronto, Ontario",2016S0503535,Families with employment income,Number,223,units,0,v21188049,19.21,1385260,,,,0
2014,"Toronto, Ontario",2016S0503535,Families with employment income,Number,223,units,0,v21188049,19.21,1404450,,,,0
2015,"Toronto, Ontario",2016S0503535,Families with employment income,Number,223,units,0,v21188049,19.21,1419540,,,,0
2016,"Toronto, Ontario",2016S0503535,Families with employment income,Number,223,units,0,v21188049,19.21,1431690,,,,0
2017,"Toronto, Ontario",2016S0503535,Families with employment income,Number,223,units,0,v21188049,19.21,1449060,,,,0
2018,"Toronto, Ontario",2016S0503535,Families with employment income,Number,223,units,0,v21188049,19.21,1493140,,,,0
2000,"Toronto, Ontario",2016S0503535,Median employment income of families,Dollars,81,units,0,v21188050,19.22,55100,,,,0
2001,"Toronto, Ontario",2016S0503535,Median employment income of families,Dollars,81,units,0,v21188050,19.22,56100,,,,0
2002,"Toronto, Ontario",2016S0503535,Median employment income of families,Dollars,81,units,0,v21188050,19.22,56400,,,,0
2003,"Toronto, Ontario",2016S0503535,Median employment income of families,Dollars,81,units,0,v21188050,19.22,57000,,,,0
2004,"Toronto, Ontario",2016S0503535,Median employment income of families,Dollars,81,units,0,v21188050,19.22,58600,,,,0
2005,"Toronto, Ontario",2016S0503535,Median employment income of families,Dollars,81,units,0,v21188050,19.22,60000,,,,0
2006,"Toronto, Ontario",2016S0503535,Median employment income of families,Dollars,81,units,0,v21188050,19.22,61600,,,,0
2007,"Toronto, Ontario",2016S0503535,Median employment income of families,Dollars,81,units,0,v21188050,19.22,63690,,,,0
2008,"Toronto, Ontario",2016S0503535,Median employment income of families,Dollars,81,units,0,v21188050,19.22,64920,,,,0
2009,"Toronto, Ontario",2016S0503535,Median employment income of families,Dollars,81,units,0,v21188050,19.22,62790,,,,0
2010,"Toronto, Ontario",2016S0503535,Median employment income of families,Dollars,81,units,0,v21188050,19.22,63960,,,,0
2011,"Toronto, Ontario",2016S0503535,Median employment income of families,Dollars,81,units,0,v21188050,19.22,65900,,,,0
2012,"Toronto, Ontario",2016S0503535,Median employment income of families,Dollars,81,units,0,v21188050,19.22,67530,,,,0
2013,"Toronto, Ontario",2016S0503535,Median employment income of families,Dollars,81,units,0,v21188050,19.22,68600,,,,0
2014,"Toronto, Ontario",2016S0503535,Median employment income of families,Dollars,81,units,0,v21188050,19.22,70520,,,,0
2015,"Toronto, Ontario",2016S0503535,Median employment income of families,Dollars,81,units,0,v21188050,19.22,72510,,,,0
2016,"Toronto, Ontario",2016S0503535,Median employment income of families,Dollars,81,units,0,v21188050,19.22,74130,,,,0
2017,"Toronto, Ontario",2016S0503535,Median employment income of families,Dollars,81,units,0,v21188050,19.22,76240,,,,0
2018,"Toronto, Ontario",2016S0503535,Median employment income of families,Dollars,81,units,0,v21188050,19.22,79290,,,,0
2000,"Toronto, Ontario",2016S0503535,Persons not in census families with employment income,Number,223,units,0,v21188051,19.23,439220,,,,0
2001,"Toronto, Ontario",2016S0503535,Persons not in census families with employment income,Number,223,units,0,v21188051,19.23,436860,,,,0
2002,"Toronto, Ontario",2016S0503535,Persons not in census families with employment income,Number,223,units,0,v21188051,19.23,418770,,,,0
2003,"Toronto, Ontario",2016S0503535,Persons not in census families with employment income,Number,223,units,0,v21188051,19.23,430080,,,,0
2004,"Toronto, Ontario",2016S0503535,Persons not in census families with employment income,Number,223,units,0,v21188051,19.23,434080,,,,0
2005,"Toronto, Ontario",2016S0503535,Persons not in census families with employment income,Number,223,units,0,v21188051,19.23,451480,,,,0
2006,"Toronto, Ontario",2016S0503535,Persons not in census families with employment income,Number,223,units,0,v21188051,19.23,460750,,,,0
2007,"Toronto, Ontario",2016S0503535,Persons not in census families with employment income,Number,223,units,0,v21188051,19.23,470520,,,,0
2008,"Toronto, Ontario",2016S0503535,Persons not in census families with employment income,Number,223,units,0,v21188051,19.23,484430,,,,0
2009,"Toronto, Ontario",2016S0503535,Persons not in census families with employment income,Number,223,units,0,v21188051,19.23,488340,,,,0
2010,"Toronto, Ontario",2016S0503535,Persons not in census families with employment income,Number,223,units,0,v21188051,19.23,497730,,,,0
2011,"Toronto, Ontario",2016S0503535,Persons not in census families with employment income,Number,223,units,0,v21188051,19.23,515380,,,,0
2012,"Toronto, Ontario",2016S0503535,Persons not in census families with employment income,Number,223,units,0,v21188051,19.23,525510,,,,0
2013,"Toronto, Ontario",2016S0503535,Persons not in census families with employment income,Number,223,units,0,v21188051,19.23,538240,,,,0
2014,"Toronto, Ontario",2016S0503535,Persons not in census families with employment income,Number,223,units,0,v21188051,19.23,555360,,,,0
2015,"Toronto, Ontario",2016S0503535,Persons not in census families with employment income,Number,223,units,0,v21188051,19.23,571340,,,,0
2016,"Toronto, Ontario",2016S0503535,Persons not in census families with employment income,Number,223,units,0,v21188051,19.23,587110,,,,0
2017,"Toronto, Ontario",2016S0503535,Persons not in census families with employment income,Number,223,units,0,v21188051,19.23,614510,,,,0
2018,"Toronto, Ontario",2016S0503535,Persons not in census families with employment income,Number,223,units,0,v21188051,19.23,650470,,,,0
2000,"Toronto, Ontario",2016S0503535,Median employment income of persons not in census families,Dollars,81,units,0,v21188052,19.24,26400,,,,0
2001,"Toronto, Ontario",2016S0503535,Median employment income of persons not in census families,Dollars,81,units,0,v21188052,19.24,27700,,,,0
2002,"Toronto, Ontario",2016S0503535,Median employment income of persons not in census families,Dollars,81,units,0,v21188052,19.24,27100,,,,0
2003,"Toronto, Ontario",2016S0503535,Median employment income of persons not in census families,Dollars,81,units,0,v21188052,19.24,27100,,,,0
2004,"Toronto, Ontario",2016S0503535,Median employment income of persons not in census families,Dollars,81,units,0,v21188052,19.24,27200,,,,0
2005,"Toronto, Ontario",2016S0503535,Median employment income of persons not in census families,Dollars,81,units,0,v21188052,19.24,27500,,,,0
2006,"Toronto, Ontario",2016S0503535,Median employment income of persons not in census families,Dollars,81,units,0,v21188052,19.24,28000,,,,0
2007,"Toronto, Ontario",2016S0503535,Median employment income of persons not in census families,Dollars,81,units,0,v21188052,19.24,28800,,,,0
2008,"Toronto, Ontario",2016S0503535,Median employment income of persons not in census families,Dollars,81,units,0,v21188052,19.24,28970,,,,0
2009,"Toronto, Ontario",2016S0503535,Median employment income of persons not in census families,Dollars,81,units,0,v21188052,19.24,27880,,,,0
2010,"Toronto, Ontario",2016S0503535,Median employment income of persons not in census families,Dollars,81,units,0,v21188052,19.24,27890,,,,0
2011,"Toronto, Ontario",2016S0503535,Median employment income of persons not in census families,Dollars,81,units,0,v21188052,19.24,28700,,,,0
2012,"Toronto, Ontario",2016S0503535,Median employment income of persons not in census families,Dollars,81,units,0,v21188052,19.24,29150,,,,0
2013,"Toronto, Ontario",2016S0503535,Median employment income of persons not in census families,Dollars,81,units,0,v21188052,19.24,29400,,,,0
2014,"Toronto, Ontario",2016S0503535,Median employment income of persons not in census families,Dollars,81,units,0,v21188052,19.24,29760,,,,0
2015,"Toronto, Ontario",2016S0503535,Median employment income of persons not in census families,Dollars,81,units,0,v21188052,19.24,30270,,,,0
2016,"Toronto, Ontario",2016S0503535,Median employment income of persons not in census families,Dollars,81,units,0,v21188052,19.24,30910,,,,0
2017,"Toronto, Ontario",2016S0503535,Median employment income of persons not in census families,Dollars,81,units,0,v21188052,19.24,31450,,,,0
2018,"Toronto, Ontario",2016S0503535,Median employment income of persons not in census families,Dollars,81,units,0,v21188052,19.24,32760,,,,0
2000,"Toronto, Ontario",2016S0503535,Families with government transfers,Number,223,units,0,v21188059,19.31,1017140,,,,0
2001,"Toronto, Ontario",2016S0503535,Families with government transfers,Number,223,units,0,v21188059,19.31,1059610,,,,0
2002,"Toronto, Ontario",2016S0503535,Families with government transfers,Number,223,units,0,v21188059,19.31,1107090,,,,0
2003,"Toronto, Ontario",2016S0503535,Families with government transfers,Number,223,units,0,v21188059,19.31,1108080,,,,0
2004,"Toronto, Ontario",2016S0503535,Families with government transfers,Number,223,units,0,v21188059,19.31,1141330,,,,0
2005,"Toronto, Ontario",2016S0503535,Families with government transfers,Number,223,units,0,v21188059,19.31,1161010,,,,0
2006,"Toronto, Ontario",2016S0503535,Families with government transfers,Number,223,units,0,v21188059,19.31,1220410,,,,0
2007,"Toronto, Ontario",2016S0503535,Families with government transfers,Number,223,units,0,v21188059,19.31,1223990,,,,0
2008,"Toronto, Ontario",2016S0503535,Families with government transfers,Number,223,units,0,v21188059,19.31,1246600,,,,0
2009,"Toronto, Ontario",2016S0503535,Families with government transfers,Number,223,units,0,v21188059,19.31,1286740,,,,0
2010,"Toronto, Ontario",2016S0503535,Families with government transfers,Number,223,units,0,v21188059,19.31,1527880,,,,0
2011,"Toronto, Ontario",2016S0503535,Families with government transfers,Number,223,units,0,v21188059,19.31,1524430,,,,0
2012,"Toronto, Ontario",2016S0503535,Families with government transfers,Number,223,units,0,v21188059,19.31,1362200,,,,0
2013,"Toronto, Ontario",2016S0503535,Families with government transfers,Number,223,units,0,v21188059,19.31,1376950,,,,0
2014,"Toronto, Ontario",2016S0503535,Families with government transfers,Number,223,units,0,v21188059,19.31,1421330,,,,0
2015,"Toronto, Ontario",2016S0503535,Families with government transfers,Number,223,units,0,v21188059,19.31,1456120,,,,0
2016,"Toronto, Ontario",2016S0503535,Families with government transfers,Number,223,units,0,v21188059,19.31,1466110,,,,0
2017,"Toronto, Ontario",2016S0503535,Families with government transfers,Number,223,units,0,v21188059,19.31,1430020,,,,0
2018,"Toronto, Ontario",2016S0503535,Families with government transfers,Number,223,units,0,v21188059,19.31,1715120,,,,0
2007,"Toronto, Ontario",2016S0503535,Median government transfers to families,Dollars,81,units,0,v52318592,19.45,4450,,,,0
2008,"Toronto, Ontario",2016S0503535,Median government transfers to families,Dollars,81,units,0,v52318592,19.45,4760,,,,0
2009,"Toronto, Ontario",2016S0503535,Median government transfers to families,Dollars,81,units,0,v52318592,19.45,5750,,,,0
2010,"Toronto, Ontario",2016S0503535,Median government transfers to families,Dollars,81,units,0,v52318592,19.45,4530,,,,0
2011,"Toronto, Ontario",2016S0503535,Median government transfers to families,Dollars,81,units,0,v52318592,19.45,4360,,,,0
2012,"Toronto, Ontario",2016S0503535,Median government transfers to families,Dollars,81,units,0,v52318592,19.45,5960,,,,0
2013,"Toronto, Ontario",2016S0503535,Median government transfers to families,Dollars,81,units,0,v52318592,19.45,6060,,,,0
2014,"Toronto, Ontario",2016S0503535,Median government transfers to families,Dollars,81,units,0,v52318592,19.45,6030,,,,0
2015,"Toronto, Ontario",2016S0503535,Median government transfers to families,Dollars,81,units,0,v52318592,19.45,6580,,,,0
2016,"Toronto, Ontario",2016S0503535,Median government transfers to families,Dollars,81,units,0,v52318592,19.45,7200,,,,0
2017,"Toronto, Ontario",2016S0503535,Median government transfers to families,Dollars,81,units,0,v52318592,19.45,8450,,,,0
2018,"Toronto, Ontario",2016S0503535,Median government transfers to families,Dollars,81,units,0,v52318592,19.45,5880,,,,0
2000,"Toronto, Ontario",2016S0503535,Persons not in census families with government transfers,Number,223,units,0,v21188061,19.33,524450,,,,0
2001,"Toronto, Ontario",2016S0503535,Persons not in census families with government transfers,Number,223,units,0,v21188061,19.33,522710,,,,0
2002,"Toronto, Ontario",2016S0503535,Persons not in census families with government transfers,Number,223,units,0,v21188061,19.33,525690,,,,0
2003,"Toronto, Ontario",2016S0503535,Persons not in census families with government transfers,Number,223,units,0,v21188061,19.33,536920,,,,0
2004,"Toronto, Ontario",2016S0503535,Persons not in census families with government transfers,Number,223,units,0,v21188061,19.33,539180,,,,0
2005,"Toronto, Ontario",2016S0503535,Persons not in census families with government transfers,Number,223,units,0,v21188061,19.33,559330,,,,0
2006,"Toronto, Ontario",2016S0503535,Persons not in census families with government transfers,Number,223,units,0,v21188061,19.33,572130,,,,0
2007,"Toronto, Ontario",2016S0503535,Persons not in census families with government transfers,Number,223,units,0,v21188061,19.33,580410,,,,0
2008,"Toronto, Ontario",2016S0503535,Persons not in census families with government transfers,Number,223,units,0,v21188061,19.33,597600,,,,0
2009,"Toronto, Ontario",2016S0503535,Persons not in census families with government transfers,Number,223,units,0,v21188061,19.33,625080,,,,0
2010,"Toronto, Ontario",2016S0503535,Persons not in census families with government transfers,Number,223,units,0,v21188061,19.33,773170,,,,0
2011,"Toronto, Ontario",2016S0503535,Persons not in census families with government transfers,Number,223,units,0,v21188061,19.33,787050,,,,0
2012,"Toronto, Ontario",2016S0503535,Persons not in census families with government transfers,Number,223,units,0,v21188061,19.33,694440,,,,0
2013,"Toronto, Ontario",2016S0503535,Persons not in census families with government transfers,Number,223,units,0,v21188061,19.33,715010,,,,0
2014,"Toronto, Ontario",2016S0503535,Persons not in census families with government transfers,Number,223,units,0,v21188061,19.33,746050,,,,0
2015,"Toronto, Ontario",2016S0503535,Persons not in census families with government transfers,Number,223,units,0,v21188061,19.33,765820,,,,0
2016,"Toronto, Ontario",2016S0503535,Persons not in census families with government transfers,Number,223,units,0,v21188061,19.33,772590,,,,0
2017,"Toronto, Ontario",2016S0503535,Persons not in census families with government transfers,Number,223,units,0,v21188061,19.33,800930,,,,0
2018,"Toronto, Ontario",2016S0503535,Persons not in census families with government transfers,Number,223,units,0,v21188061,19.33,1012020,,,,0
2007,"Toronto, Ontario",2016S0503535,Median government transfers to persons not in census families,Dollars,81,units,0,v52318593,19.46,5270,,,,0
2008,"Toronto, Ontario",2016S0503535,Median government transfers to persons not in census families,Dollars,81,units,0,v52318593,19.46,5490,,,,0
2009,"Toronto, Ontario",2016S0503535,Median government transfers to persons not in census families,Dollars,81,units,0,v52318593,19.46,6250,,,,0
2010,"Toronto, Ontario",2016S0503535,Median government transfers to persons not in census families,Dollars,81,units,0,v52318593,19.46,1660,,,,0
2011,"Toronto, Ontario",2016S0503535,Median government transfers to persons not in census families,Dollars,81,units,0,v52318593,19.46,2210,,,,0
2012,"Toronto, Ontario",2016S0503535,Median government transfers to persons not in census families,Dollars,81,units,0,v52318593,19.46,5630,,,,0
2013,"Toronto, Ontario",2016S0503535,Median government transfers to persons not in census families,Dollars,81,units,0,v52318593,19.46,5670,,,,0
2014,"Toronto, Ontario",2016S0503535,Median government transfers to persons not in census families,Dollars,81,units,0,v52318593,19.46,4870,,,,0
2015,"Toronto, Ontario",2016S0503535,Median government transfers to persons not in census families,Dollars,81,units,0,v52318593,19.46,4830,,,,0
2016,"Toronto, Ontario",2016S0503535,Median government transfers to persons not in census families,Dollars,81,units,0,v52318593,19.46,5120,,,,0
2017,"Toronto, Ontario",2016S0503535,Median government transfers to persons not in census families,Dollars,81,units,0,v52318593,19.46,4870,,,,0
2018,"Toronto, Ontario",2016S0503535,Median government transfers to persons not in census families,Dollars,81,units,0,v52318593,19.46,1790,,,,0
2000,"Toronto, Ontario",2016S0503535,Families receiving Employment Insurance benefits,Number,223,units,0,v21188064,19.36,155520,,,,0
2001,"Toronto, Ontario",2016S0503535,Families receiving Employment Insurance benefits,Number,223,units,0,v21188064,19.36,182360,,,,0
2002,"Toronto, Ontario",2016S0503535,Families receiving Employment Insurance benefits,Number,223,units,0,v21188064,19.36,211470,,,,0
2003,"Toronto, Ontario",2016S0503535,Families receiving Employment Insurance benefits,Number,223,units,0,v21188064,19.36,210940,,,,0
2004,"Toronto, Ontario",2016S0503535,Families receiving Employment Insurance benefits,Number,223,units,0,v21188064,19.36,208670,,,,0
2005,"Toronto, Ontario",2016S0503535,Families receiving Employment Insurance benefits,Number,223,units,0,v21188064,19.36,207050,,,,0
2006,"Toronto, Ontario",2016S0503535,Families receiving Employment Insurance benefits,Number,223,units,0,v21188064,19.36,207930,,,,0
2007,"Toronto, Ontario",2016S0503535,Families receiving Employment Insurance benefits,Number,223,units,0,v21188064,19.36,212020,,,,0
2008,"Toronto, Ontario",2016S0503535,Families receiving Employment Insurance benefits,Number,223,units,0,v21188064,19.36,224720,,,,0
2009,"Toronto, Ontario",2016S0503535,Families receiving Employment Insurance benefits,Number,223,units,0,v21188064,19.36,297990,,,,0
2010,"Toronto, Ontario",2016S0503535,Families receiving Employment Insurance benefits,Number,223,units,0,v21188064,19.36,278330,,,,0
2011,"Toronto, Ontario",2016S0503535,Families receiving Employment Insurance benefits,Number,223,units,0,v21188064,19.36,246430,,,,0
2012,"Toronto, Ontario",2016S0503535,Families receiving Employment Insurance benefits,Number,223,units,0,v21188064,19.36,235600,,,,0
2013,"Toronto, Ontario",2016S0503535,Families receiving Employment Insurance benefits,Number,223,units,0,v21188064,19.36,229010,,,,0
2014,"Toronto, Ontario",2016S0503535,Families receiving Employment Insurance benefits,Number,223,units,0,v21188064,19.36,226290,,,,0
2015,"Toronto, Ontario",2016S0503535,Families receiving Employment Insurance benefits,Number,223,units,0,v21188064,19.36,225180,,,,0
2016,"Toronto, Ontario",2016S0503535,Families receiving Employment Insurance benefits,Number,223,units,0,v21188064,19.36,219780,,,,0
2017,"Toronto, Ontario",2016S0503535,Families receiving Employment Insurance benefits,Number,223,units,0,v21188064,19.36,214810,,,,0
2018,"Toronto, Ontario",2016S0503535,Families receiving Employment Insurance benefits,Number,223,units,0,v21188064,19.36,214640,,,,0
2007,"Toronto, Ontario",2016S0503535,Median Employment Insurance benefits received by families,Dollars,81,units,0,v52318594,19.47,5190,,,,0
2008,"Toronto, Ontario",2016S0503535,Median Employment Insurance benefits received by families,Dollars,81,units,0,v52318594,19.47,5230,,,,0
2009,"Toronto, Ontario",2016S0503535,Median Employment Insurance benefits received by families,Dollars,81,units,0,v52318594,19.47,6100,,,,0
2010,"Toronto, Ontario",2016S0503535,Median Employment Insurance benefits received by families,Dollars,81,units,0,v52318594,19.47,5940,,,,0
2011,"Toronto, Ontario",2016S0503535,Median Employment Insurance benefits received by families,Dollars,81,units,0,v52318594,19.47,5940,,,,0
2012,"Toronto, Ontario",2016S0503535,Median Employment Insurance benefits received by families,Dollars,81,units,0,v52318594,19.47,5890,,,,0
2013,"Toronto, Ontario",2016S0503535,Median Employment Insurance benefits received by families,Dollars,81,units,0,v52318594,19.47,6150,,,,0
2014,"Toronto, Ontario",2016S0503535,Median Employment Insurance benefits received by families,Dollars,81,units,0,v52318594,19.47,6310,,,,0
2015,"Toronto, Ontario",2016S0503535,Median Employment Insurance benefits received by families,Dollars,81,units,0,v52318594,19.47,6380,,,,0
2016,"Toronto, Ontario",2016S0503535,Median Employment Insurance benefits received by families,Dollars,81,units,0,v52318594,19.47,6440,,,,0
2017,"Toronto, Ontario",2016S0503535,Median Employment Insurance benefits received by families,Dollars,81,units,0,v52318594,19.47,6520,,,,0
2018,"Toronto, Ontario",2016S0503535,Median Employment Insurance benefits received by families,Dollars,81,units,0,v52318594,19.47,6510,,,,0
2000,"Toronto, Ontario",2016S0503535,Persons not in census families receiving Employment Insurance benefits,Number,223,units,0,v21188067,19.39,29590,,,,0
2001,"Toronto, Ontario",2016S0503535,Persons not in census families receiving Employment Insurance benefits,Number,223,units,0,v21188067,19.39,34030,,,,0
2002,"Toronto, Ontario",2016S0503535,Persons not in census families receiving Employment Insurance benefits,Number,223,units,0,v21188067,19.39,35960,,,,0
2003,"Toronto, Ontario",2016S0503535,Persons not in census families receiving Employment Insurance benefits,Number,223,units,0,v21188067,19.39,36590,,,,0
2004,"Toronto, Ontario",2016S0503535,Persons not in census families receiving Employment Insurance benefits,Number,223,units,0,v21188067,19.39,34490,,,,0
2005,"Toronto, Ontario",2016S0503535,Persons not in census families receiving Employment Insurance benefits,Number,223,units,0,v21188067,19.39,33950,,,,0
2006,"Toronto, Ontario",2016S0503535,Persons not in census families receiving Employment Insurance benefits,Number,223,units,0,v21188067,19.39,32920,,,,0
2007,"Toronto, Ontario",2016S0503535,Persons not in census families receiving Employment Insurance benefits,Number,223,units,0,v21188067,19.39,33040,,,,0
2008,"Toronto, Ontario",2016S0503535,Persons not in census families receiving Employment Insurance benefits,Number,223,units,0,v21188067,19.39,35340,,,,0
2009,"Toronto, Ontario",2016S0503535,Persons not in census families receiving Employment Insurance benefits,Number,223,units,0,v21188067,19.39,52280,,,,0
2010,"Toronto, Ontario",2016S0503535,Persons not in census families receiving Employment Insurance benefits,Number,223,units,0,v21188067,19.39,49780,,,,0
2011,"Toronto, Ontario",2016S0503535,Persons not in census families receiving Employment Insurance benefits,Number,223,units,0,v21188067,19.39,43660,,,,0
2012,"Toronto, Ontario",2016S0503535,Persons not in census families receiving Employment Insurance benefits,Number,223,units,0,v21188067,19.39,41890,,,,0
2013,"Toronto, Ontario",2016S0503535,Persons not in census families receiving Employment Insurance benefits,Number,223,units,0,v21188067,19.39,41090,,,,0
2014,"Toronto, Ontario",2016S0503535,Persons not in census families receiving Employment Insurance benefits,Number,223,units,0,v21188067,19.39,40490,,,,0
2015,"Toronto, Ontario",2016S0503535,Persons not in census families receiving Employment Insurance benefits,Number,223,units,0,v21188067,19.39,40250,,,,0
2016,"Toronto, Ontario",2016S0503535,Persons not in census families receiving Employment Insurance benefits,Number,223,units,0,v21188067,19.39,39290,,,,0
2017,"Toronto, Ontario",2016S0503535,Persons not in census families receiving Employment Insurance benefits,Number,223,units,0,v21188067,19.39,38650,,,,0
2018,"Toronto, Ontario",2016S0503535,Persons not in census families receiving Employment Insurance benefits,Number,223,units,0,v21188067,19.39,38160,,,,0
2007,"Toronto, Ontario",2016S0503535,Median Employment Insurance benefits received by persons not in census families,Dollars,81,units,0,v52318595,19.48,3990,,,,0
2008,"Toronto, Ontario",2016S0503535,Median Employment Insurance benefits received by persons not in census families,Dollars,81,units,0,v52318595,19.48,4150,,,,0
2009,"Toronto, Ontario",2016S0503535,Median Employment Insurance benefits received by persons not in census families,Dollars,81,units,0,v52318595,19.48,5130,,,,0
2010,"Toronto, Ontario",2016S0503535,Median Employment Insurance benefits received by persons not in census families,Dollars,81,units,0,v52318595,19.48,4960,,,,0
2011,"Toronto, Ontario",2016S0503535,Median Employment Insurance benefits received by persons not in census families,Dollars,81,units,0,v52318595,19.48,4910,,,,0
2012,"Toronto, Ontario",2016S0503535,Median Employment Insurance benefits received by persons not in census families,Dollars,81,units,0,v52318595,19.48,4810,,,,0
2013,"Toronto, Ontario",2016S0503535,Median Employment Insurance benefits received by persons not in census families,Dollars,81,units,0,v52318595,19.48,5010,,,,0
2014,"Toronto, Ontario",2016S0503535,Median Employment Insurance benefits received by persons not in census families,Dollars,81,units,0,v52318595,19.48,5100,,,,0
2015,"Toronto, Ontario",2016S0503535,Median Employment Insurance benefits received by persons not in census families,Dollars,81,units,0,v52318595,19.48,5260,,,,0
2016,"Toronto, Ontario",2016S0503535,Median Employment Insurance benefits received by persons not in census families,Dollars,81,units,0,v52318595,19.48,5260,,,,0
2017,"Toronto, Ontario",2016S0503535,Median Employment Insurance benefits received by persons not in census families,Dollars,81,units,0,v52318595,19.48,5330,,,,0
2018,"Toronto, Ontario",2016S0503535,Median Employment Insurance benefits received by persons not in census families,Dollars,81,units,0,v52318595,19.48,5200,,,,0
